component,observations,rmse,mae,r2_outcome_prediction
credit_loss_ratio,658,0.00654010144286665,0.0047936266596734015,0.9439440762292882
ppnr_ratio,658,0.009429468028819322,0.006689651543095202,0.9047097844832814
capital_depletion,658,0.7739209222259612,0.5595555556398253,0.8474079251471216
cet1_min_ratio,658,0.8488594850821942,0.5870535737117943,0.9655481190440759
