model_name,observations,rmse,mae,r2_outcome_prediction,mean_residual,sd_residual
M6_bank_year_fixed_effects,520,0.7911413655005799,0.5717279325607841,0.8385266349559952,-1.0317762019362213e-15,0.7919031772952884
M7_log_amounts_bank_year_fixed_effects,520,0.7942163346318686,0.581144546017492,0.837268982227096,-6.155936679545568e-15,0.7949811073989832
M5_bank_fixed_effects,520,0.8942373893424356,0.6480436258530767,0.7937004125237779,1.3324794659746582e-15,0.89509847513592
M4_year_fixed_effects,520,1.3759166791014665,1.0308140489586595,0.5115985087336532,-3.4506740955872365e-15,1.377241587139883
M3_structural_controls,520,1.501198611445361,1.1451298868650235,0.4186080437819346,-1.756928978971399e-15,1.5026441569044529
M2_losses_ppnr,520,1.6872658818880097,1.3222216270255895,0.2655541853332313,-2.9559688030644793e-15,1.688890596642772
M1_scenario_only,520,1.8745451099374866,1.4201169418345194,0.09346515354327833,-2.6383909747133943e-15,1.8763501610152542
