model_name,observations,rmse,mae,r2_outcome_prediction,mean_residual,sd_residual
M5_bank_year_fixed_effects,520,0.009458088080178662,0.006652801504627455,0.9158963368843382,-2.4690363735385815e-17,0.009467195533497464
M4_bank_fixed_effects,520,0.010207828595940636,0.0071712823182951855,0.9020340979928608,-7.969532257979487e-17,0.010217657995036497
M3_year_fixed_effects,520,0.031070151261015488,0.020361511610249423,0.09239905657678715,1.0532541948480546e-17,0.031100069564780376
M2_pooled_controls,520,0.032366146416007026,0.021056724036278184,0.015104411048941113,-1.2037967089997558e-18,0.03239731266917516
M1_scenario_only,520,0.03246641395409093,0.020854933558830873,0.008992715270280671,8.602240193892235e-18,0.03249767675763106
M6_ppnr_rate_bank_year_fixed_effects,520,3.837113679383711,2.8704735372387016,-13841.595721799504,-2.847424986329066,2.5745599974209292
