component,actual_variable,predicted_variable,observations,actual_mean,predicted_mean,actual_median,predicted_median,actual_min,predicted_min,actual_max,predicted_max,bias,rmse,mae,r2_outcome_prediction,correlation
Credit loss ratio,actual_credit_loss_ratio,predicted_credit_loss_ratio,497,0.04196489851175017,0.0418927485596583,0.03975136213644387,0.04039464086064145,0.00164395095511235,-0.01469286386902134,0.15634525205158237,0.1563452520515823,-7.214995209187065e-5,0.005962158127733252,0.004283240606304075,0.956018148713109,0.9777665881365613
PPNR ratio,actual_ppnr_ratio,predicted_ppnr_ratio,497,0.045016474290534375,0.04500941122531993,0.03785211267605633,0.03883362360773192,-0.01092412612187057,-0.01714071992285219,0.16941244239631306,0.17091873090289225,-7.063065214444251e-6,0.009331397562700851,0.00653637120609672,0.9199793987361308,0.9591609560691492
CET1 capital depletion,actual_capital_depletion,predicted_capital_depletion,497,2.6671498993963785,2.6675490389031706,2.3000000000000007,2.4331866661784796,-0.5509999999999998,-2.303853273398527,9.251,8.597576609127001,3.9913950679243843e-4,0.7891499759302517,0.569840886150803,0.8378545203201564,0.915345086065799
CET1 minimum ratio,observed_cet1_min_ratio,integrated_predicted_cet1_min_ratio,497,10.68158953722334,10.696133053652161,9.7,9.765252648433869,4.8,5.557268147756542,60.7,61.15549520801672,0.014543516428821172,0.8459968851044002,0.5873176405131468,0.9688421257994689,0.9843205770660176
