component,actual_variable,predicted_variable,observations,actual_mean,predicted_mean,actual_median,predicted_median,actual_min,predicted_min,actual_max,predicted_max,bias,rmse,mae,r2_outcome_prediction,correlation
Latest credit loss ratio,actual_credit_loss_ratio,predicted_credit_loss_ratio,33,0.05182994742976109,0.05182994742976107,0.0488974113135187,0.04837855997951875,0.00900393922341024,0.01250606996941527,0.15634525205158237,0.1563452520515823,-2.6073519028527152e-17,0.006243270523566686,0.004145183650074293,0.9635800873775435,0.98655064817494
Latest PPNR ratio,actual_ppnr_ratio,predicted_ppnr_ratio,33,0.05962694374594479,0.059626943745944766,0.04954204829308909,0.05206207865878975,-0.01077586206896551,0.00255554786638956,0.16941244239631306,0.1694124423963131,-1.9449906159019213e-17,0.013407760433826264,0.00963776254785648,0.8814747580503016,0.9419729768525958
Latest CET1 capital depletion,actual_capital_depletion,predicted_capital_depletion,33,1.962090909090909,1.9620909090909078,1.6000000000000014,1.945265257471116,-0.5509999999999998,-2.303853273398527,8.200000000000001,6.853976077235295,-1.4891187048482678e-15,0.5593123321924443,0.3975274473852654,0.8809710784336735,0.9446177256754205
Latest CET1 minimum ratio,observed_cet1_min_ratio,integrated_predicted_cet1_min_ratio,33,11.463636363636363,11.42578787878788,10.3,10.253454872743138,6.7,6.700000000000003,32.2,32.70385327339852,-0.037848484848483625,0.47688296404739194,0.3596789625367801,0.9866931073533544,0.9941865649171074
