model_name,observations,rmse,mae,r2_outcome_prediction,mean_residual,sd_residual
M5_bank_year_fixed_effects,520,0.006165195289560103,0.0044493171190098935,0.9525583940597141,-4.1895833889313704e-17,0.006171131925783511
M4_bank_fixed_effects,520,0.006706372786878511,0.0047888221459223964,0.9438640485694951,-3.2249814236013626e-17,0.006712830537808425
M3_year_fixed_effects,520,0.025380420124381752,0.016020135556339438,0.19598653973152813,-2.927345865710862e-18,0.025404859629441855
M2_pooled_controls,520,0.026262055598471085,0.016350166613077945,0.1391586123956674,-8.124108013171836e-18,0.026287344054593646
M1_scenario_only,520,0.02719967650426148,0.01715857608779183,0.07659295482103945,-1.4100655207513173e-17,0.027225867821359516
M6_loss_rate_bank_year_fixed_effects,520,6.572421660340309,5.89159055179001,-53914.860694545074,-5.887949823011127,2.923218509168471
